{
  "project_info": {
    "project_number": "588055173444",
    "firebase_url": "https://bloody-army-d0c09.firebaseio.com",
    "project_id": "bloody-army-d0c09",
    "storage_bucket": "bloody-army-d0c09.appspot.com"
  },
  "client": [
    {
      "client_info": {
        "mobilesdk_app_id": "1:588055173444:android:60ea6908c5dcff47",
        "android_client_info": {
          "package_name": "com.example.usuario.bloody_army"
        }
      },
      "oauth_client": [
        {
          "client_id": "588055173444-0j6d4note3vlopv3hfjfeeqrn5qj48a8.apps.googleusercontent.com",
          "client_type": 3
        }
      ],
      "api_key": [
        {
          "current_key": "AIzaSyBv1al1FEzz-BC1JBHM_PzElp6OTla8ArA"
        }
      ],
      "services": {
        "analytics_service": {
          "status": 1
        },
        "appinvite_service": {
          "status": 1,
          "other_platform_oauth_client": []
        },
        "ads_service": {
          "status": 2
        }
      }
    }
  ],
  "configuration_version": "1"
}